pcf_id,year,has_stages,product_name,product_detail,company,country,gics_group,gics_industry,sector,weight_kg,weight_source,pcf_kg_co2e,carbon_intensity,protocol,pct_change_vs_prev,change_reason_reported,change_reason_category,upstream_estimated,upstream_frac,ops_frac,downstream_frac,transport_frac,endoflife_frac,adjustments,upstream_co2e,ops_co2e,downstream_co2e,transport_co2e,endoflife_co2e
10056-1-2014,2014,Yes,Frosted Flakes(R) Cereal,"Frosted Flakes(R), 23 oz., Produced in Lancaster, PA (One Carton)",Kellogg Company,USA,"Food, Beverage & Tobacco",Food Products,Food & Beverage,0.7485,Estimated from external data based on product description,2.0,2.67,Not reported,(not reported by company),N/a,N/a (no %change reported),No,0.575,0.3,0.125,0.045,,Divided stage and total emissions by 1000 (based on expected carbon intensity),1.15,0.6,0.25,0.09,
10056-1-2015,2015,Yes,"Frosted Flakes, 23 oz, produced in Lancaster, PA (one carton)",Cereal,Kellogg Company,USA,Food & Beverage Processing,Not used for 2015 reporting,Food & Beverage,0.7485,Estimated from external data based on product description,2.0,2.67,Not reported,(not reported by company),N/a,N/a (no %change reported),No,0.575,0.3,0.125,0.045,,Divided stage and total emissions by 1000 (based on expected carbon intensity),1.15,0.6,0.25,0.09,
1085-1-2013,2013,Yes,White crystalline sugar,Field not included in 2013 data,Associated British Foods,United Kingdom,"Food, Beverage & Tobacco",Food Products,Food & Beverage,1000.0,As per company's submission to CDP,650.0,0.65,PAS2050,(not reported by company),N/a,N/a (no previous data available),No,0.4615,0.5385,0.0,,,,299.975,350.025,0.0,,
1085-1-2014,2014,No,Sugar,white crystalline sugar,Associated British Foods,United Kingdom,"Food, Beverage & Tobacco",Food Products,Food & Beverage,1000.0,As per company's submission to CDP,650.0,0.65,PAS2050,0.05,N/a,No specific reason reported,N/a (product with insufficient stage-level data),,,,,,,,,,,
1085-1-2016,2016,No,Sugar,White crystalline solid,Associated British Foods,United Kingdom,"Food, Beverage & Tobacco",Beverages,Food & Beverage,1000.0,As per company's submission to CDP,650.0,0.65,PAS2050,(not reported by company),N/a,N/a (no %change reported),N/a (product with insufficient stage-level data),,,,,,,,,,,
12348-1-2013,2013,No,500ml Coors Light brewed in the UK (steal can) CO2e expressed in CO2e/ hl,500ml Coors Light brewed in the UK (steal can) CO2e expressed in CO2e/ hl,Molson Coors Brewing Company,USA,"Food, Beverage & Tobacco",Beverages,Food & Beverage,100.0,As per company's submission to CDP,31.37,0.31,ISO,-0.0049,change in secondary packaging format from high cone to shrink film.,Product carbon efficiency changed,N/a (product with insufficient stage-level data),,,,,,Changed end of life emissions to negative sign (according to text explanation),,,,,
12348-2-2013,2013,No,"Carling brewed in the UK, 24 440ml cans in 4 packs",Field not included in 2013 data,Molson Coors Brewing Company,USA,"Food, Beverage & Tobacco",Beverages,Food & Beverage,12.029,Estimated from external data based on product description,3.02,0.25,ISO,-0.0088,Project to move to shrink film secondary packaging.,Product carbon efficiency changed,N/a (product with insufficient stage-level data),,,,,,Changed end of life emissions to negative sign (according to text explanation); Streamlined product name to be the same across stages and years,,,,,
12348-2-2014,2014,No,"Carling brewed in the UK, 24 440ml cans in 4 packs","Carling brewed in the UK, 24 440ml cans in 4 packs.",Molson Coors Brewing Company,USA,"Food, Beverage & Tobacco",Beverages,Food & Beverage,12.029,Estimated from external data based on product description,3.07,0.26,Not reported,-0.0055,Can end light weighting project.,Product carbon efficiency changed,N/a (product with insufficient stage-level data),,,,,,Streamlined product name to be the same across stages and years,,,,,
12348-3-2013,2013,No,"Carling brewed in the UK, 24 568ml cans in 4 packs",Field not included in 2013 data,Molson Coors Brewing Company,USA,"Food, Beverage & Tobacco",Beverages,Food & Beverage,15.53,Estimated from external data based on product description,2.06,0.13,ISO,(not reported by company),N/a,N/a (no %change reported),N/a (product with insufficient stage-level data),,,,,,Changed end of life emissions to negative sign (according to text explanation); streamlined product name to be the same across stages and years,,,,,
12348-3-2014,2014,No,"Carling brewed in the UK, 24 568ml cans in 4 packs","Carling brewed in the UK, 24 568ml cans in 4 packs.",Molson Coors Brewing Company,USA,"Food, Beverage & Tobacco",Beverages,Food & Beverage,15.53,Estimated from external data based on product description,2.0519,0.13,ISO,-0.0107,Can end light weighting project.,Product carbon efficiency changed,N/a (product with insufficient stage-level data),,,,,,Changed end of life emissions to negative sign (according to text explanation); streamlined product name to be the same across stages and years,,,,,
12348-4-2014,2014,Yes,"Coors Light brewed in the UK, 24 500ml cans in 4 packs","Coors light brewed in the UK, sold in 24 500ml steel cans in 4 packs.",Molson Coors Brewing Company,USA,"Food, Beverage & Tobacco",Beverages,Food & Beverage,13.67,Estimated from external data based on product description,3.732,0.27,ISO,-0.0086,Can end light weighting project.,Product carbon efficiency changed,No,0.6493,0.2858,0.0649,0.0614,,Streamlined product name to be the same across stages and years,2.4231876,1.0666056000000002,0.2422068,0.22914480000000004,
12942-1-2013,2013,Yes,"1 dl cup of spray dried soluble Nescafé coffee ready to be drunk, at the consumer’s home","1 dl cup of spray dried soluble Nescafé coffee ready to be drunk, at the consumer’s home",Nestlé,Switzerland,"Food, Beverage & Tobacco",Food Products,Food & Beverage,0.1,As per company's submission to CDP,0.07,0.7,French PEF,(not reported by company),N/a,N/a (no %change reported),No,0.2443,0.1603,0.5954,0.0458,,,0.017101,0.011221,0.04167800000000001,0.0032060000000000005,
12942-1-2014,2014,No,Nescafé soluble coffee,"1 dl cup of spray dried soluble Nescafé coffee ready to be drunk, at the consumer’s home",Nestlé,Switzerland,"Food, Beverage & Tobacco",Food Products,Food & Beverage,0.1,As per company's submission to CDP,0.032,0.32,ISO,(not reported by company),N/a,N/a (no %change reported),N/a (product with insufficient stage-level data),,,,,,,,,,,
12942-1-2015,2015,No,Nescafé soluble coffee,"1 dl cup of spray dried soluble Nescafé coffee ready to be drunk, at the consumer’s home",Nestlé,Switzerland,Food & Beverage Processing,Not used for 2015 reporting,Food & Beverage,0.1,As per company's submission to CDP,0.032,0.32,ISO,(not reported by company),N/a,N/a (no %change reported),N/a (product with insufficient stage-level data),,,,,,,,,,,
12942-1-2016,2016,Yes,Nescafé soluble coffee,"120 ml cup of spray dried soluble Nescafé coffee ready to be drunk, at the consumer’s home",Nestlé,Switzerland,"Food, Beverage & Tobacco",Beverages,Food & Beverage,0.12,As per company's submission to CDP,0.052,0.43,ISO,(not reported by company),N/a,N/a (no %change reported),No,0.4961,0.1105,0.3934,0.0252,0.0,,0.0257972,0.005745999999999999,0.0204568,0.0013104,0.0
12942-2-2013,2013,Yes,"EcoShape  bottle of water (0.5 L): Serving of 500 ml of hydration to the consumer. The study examines the extraction and processing of all upstream raw materials to produce the products and packaging components; the manufacturing process; distribution logistics; product use and packaging disposal. The work has been conducted using the Ecoinvent database and SimaPro software.  Climate change impacts are measured in kg CO2 equivalents, following the IPCC’s most recent methodology).  Scenario evaluations have been used to examine the importance of several variables in the product comparison. These include a range of possible consumer behaviours regarding the use of the products, such as conditions of refrigeration, washing of glasses, and disposal routes for packaging, among others.","EcoShape  bottle of water (0.5 L): Serving of 500 ml of hydration to the consumer. The study examines the extraction and processing of all upstream raw materials to produce the products and packaging components; the manufacturing process; distribution logistics; product use and packaging disposal. The work has been conducted using the Ecoinvent database and SimaPro software.  Climate change impacts are measured in kg CO2 equivalents, following the IPCC’s most recent methodology).  Scenario evaluations have been used to examine the importance of several variables in the product comparison. These include a range of possible consumer behaviours regarding the use of the products, such as conditions of refrigeration, washing of glasses, and disposal routes for packaging, among others.",Nestlé,Switzerland,"Food, Beverage & Tobacco",Food Products,Food & Beverage,0.54167,Estimated from external data based on product description,0.1405,0.26,ISO,(not reported by company),N/a,N/a (no %change reported),No,0.4588,0.0492,0.492,0.4421,,,0.0644614,0.0069126000000000005,0.069126,0.062115050000000005,
12942-2-2014,2014,Yes,EcoShape  bottle of water (0.5 L),"Serving of 500 ml of hydration to the consumer. The study examined the extraction and processing of all upstream raw materials to produce the products and packaging components; the manufacturing process; distribution logistics; product use and packaging disposal. The work has been conducted using the Ecoinvent database and SimaPro software.  Climate change impacts are measured in kg CO2 equivalents, following the IPCC’s most recent methodology).  Scenario evaluations have been used to examine the importance of several variables in the product comparison. These include a range of possible consumer behaviours regarding the use of the products, such as conditions of refrigeration, washing of glasses, and disposal routes for packaging, among others.",Nestlé,Switzerland,"Food, Beverage & Tobacco",Food Products,Food & Beverage,0.54167,Estimated from external data based on product description,0.1405,0.26,ISO,(not reported by company),N/a,N/a (no %change reported),No,0.4575,0.0491,0.4934,0.4409,0.0,,0.06427875000000001,0.006898550000000001,0.0693227,0.06194645000000001,0.0
12942-2-2015,2015,Yes,EcoShape bottle of water (0.5 L),"Serving of 500 ml of hydration to the consumer. The study examined the extraction and processing of all upstream raw materials to produce the products and packaging components; the manufacturing process; distribution logistics; product use and packaging disposal. The work has been conducted using the Ecoinvent database and SimaPro software. Climate change impacts are measured in kg CO2 equivalents, following the IPCC’s most recent methodology). Scenario evaluations have been used to examine the importance of several variables in the product comparison. These include a range of possible consumer behaviours regarding the use of the products, such as conditions of refrigeration, washing of glasses, and disposal routes for packaging, among others.",Nestlé,Switzerland,Food & Beverage Processing,Not used for 2015 reporting,Food & Beverage,0.54167,Estimated from external data based on product description,0.1405,0.26,ISO,(not reported by company),N/a,N/a (no %change reported),No,0.4575,0.0491,0.4934,0.4409,0.0,,0.06427875000000001,0.006898550000000001,0.0693227,0.06194645000000001,0.0
12942-2-2016,2016,Yes,EcoShape bottle of water (0.5 L),"Serving of 500 ml of hydration to the consumer. The study examined the extraction and processing of all upstream raw materials to produce the products and packaging components; the manufacturing process; distribution logistics; product use and packaging disposal. The work has been conducted using the Ecoinvent database and SimaPro software. Climate change impacts are measured in kg CO2 equivalents, following the IPCC’s most recent methodology). Scenario evaluations have been used to examine the importance of several variables in the product comparison. These include a range of possible consumer behaviours regarding the use of the products, such as conditions of refrigeration, washing of glasses, and disposal routes for packaging, among others.",Nestlé,Switzerland,"Food, Beverage & Tobacco",Beverages,Food & Beverage,0.54167,Estimated from external data based on product description,0.1405,0.26,Not reported,(not reported by company),N/a,N/a (no %change reported),No,0.4575,0.0491,0.4934,0.4409,0.0,,0.06427875000000001,0.006898550000000001,0.0693227,0.06194645000000001,0.0
12942-3-2013,2013,Yes,"Nestlé Babyfood NaturNes packaging - plastic pot The good assessed:"" Packaging systems used to provide one baby food meal in France, Spain, and Germany"". The 200-g packaging size was selected as the basis for this study. (The total emissions in kg CO2-e per unit provided [in this report] is the figure for France as it is not possible to list all three data in one cell. Please find detail by country and life cycle stages in questiom SM3.2.b","Nestlé Babyfood NaturNes packaging - plastic pot The good assessed:"" Packaging systems used to provide one baby food meal in France, Spain, and Germany"". The 200-g packaging size was selected as the basis for this study. (The total emissions in kg CO2-e per unit provided to the right of this cell is the figure for France as it is not possible to list all three data in one cell. Please find detail by country and life cycle stages in questiom SM3.2.b",Nestlé,Switzerland,"Food, Beverage & Tobacco",Food Products,Food & Beverage,0.02,Estimated from external data based on product description,0.184,9.2,ISO,(not reported by company),N/a,N/a (no %change reported),No,0.4402,0.0761,0.4837,0.413,0.0707,,0.0809968,0.0140024,0.0890008,0.07599199999999999,0.0130088
12942-4-2013,2013,Yes,"Nestlé Babyfood NaturNes packaging - plastic pot The good assessed:"" Packaging systems used to provide one baby food meal in France, Spain, and Germany"". The 200-g packaging size was selected as the basis for this study. (The total emissions in kg CO2-e per unit provided [in this report] is the figure for France as it is not possible to list all three data in one cell. Please find detail by country and life cycle stages in questiom SM3.2.b","Nestlé Babyfood NaturNes packaging - plastic pot The good assessed:"" Packaging systems used to provide one baby food meal in France, Spain, and Germany"". The 200-g packaging size was selected as the basis for this study. (The total emissions in kg CO2-e per unit provided to the right of this cell is the figure for France as it is not possible to list all three data in one cell. Please find detail by country and life cycle stages in questiom SM3.2.b",Nestlé,Switzerland,"Food, Beverage & Tobacco",Food Products,Food & Beverage,0.02,Estimated from external data based on product description,0.143,7.15,ISO,(not reported by company),N/a,N/a (no %change reported),No,0.5664,0.1329,0.3007,0.2867,0.014,"Used Footprint from LCA stage ""all"" as the total footprint, and then deleted the LCA stage entry for ""all"" because it is redundant (see company's text entry under product name/description)",0.08099519999999999,0.019004699999999996,0.0430001,0.040998099999999996,0.002002
12942-5-2013,2013,Yes,"Nestlé Babyfood NaturNes packaging - plastic pot The good assessed:"" Packaging systems used to provide one baby food meal in France, Spain, and Germany"". The 200-g packaging size was selected as the basis for this study. (The total emissions in kg CO2-e per unit provided [in this report] is the figure for France as it is not possible to list all three data in one cell. Please find detail by country and life cycle stages in questiom SM3.2.b","Nestlé Babyfood NaturNes packaging - plastic pot The good assessed:"" Packaging systems used to provide one baby food meal in France, Spain, and Germany"". The 200-g packaging size was selected as the basis for this study. (The total emissions in kg CO2-e per unit provided to the right of this cell is the figure for France as it is not possible to list all three data in one cell. Please find detail by country and life cycle stages in questiom SM3.2.b",Nestlé,Switzerland,"Food, Beverage & Tobacco",Food Products,Food & Beverage,0.02,Estimated from external data based on product description,0.125,6.25,ISO,(not reported by company),N/a,N/a (no %change reported),No,0.648,0.112,0.24,0.224,0.016,"Used Footprint from LCA stage ""all"" as the total footprint, and then deleted the LCA stage entry for ""all"" because it is redundant (see company's text entry under product name/description)",0.081,0.014,0.03,0.028,0.002
14605-1-2013,2013,No,Walkers Crisps 32.5 g sold in the United Kingdom,Field not included in 2013 data,"PepsiCo, Inc.",USA,"Food, Beverage & Tobacco",Beverages,Food & Beverage,0.0325,As per company's submission to CDP,0.08,2.46,GHGP,-0.02,"Please note that supplied figures are based on a re-baselined and certified Carbon Footprint with the Carbon Trust reflecting serving size changes.  The date of previous figure supplied reflects the date of the previous certification.  The reduction in our Walkers Crisps product can be attributed to • Electricity and gas efficiency improvements at site as a result of continued reduction targets at site. • Reduction of fuel consumption per km travelled (through vehicle replacements and driver efficiency). • Increased efficiency in logistics network management, resulting in a reduction in less empty return journeys. This included partners with customers. • A secondary packaging (corrugate case) weight reduction of 5% • Increased efficiency of raw material use at sites.  The UK business has made a commitment to reduce the agricultural footprint (carbon & water) of key potato suppliers by 50% in 5 years – the results of this supply chain engagement should be evidenced in the next re-certification.",Product carbon efficiency changed,N/a (product with insufficient stage-level data),,,,,,"Divided total emissions by 1000, because they were given in grams; Streamlined product name to be uniform across years",,,,,
14605-1-2014,2014,No,Walkers Crisps 32.5 g sold in the United Kingdom,Life Cycle Carbon Footprint for PepsiCo’s Walkers Crisps 32.5 g sold in the United Kingdom.,"PepsiCo, Inc.",USA,"Food, Beverage & Tobacco",Beverages,Food & Beverage,0.0325,As per company's submission to CDP,0.08,2.46,GHGP,-0.02,"Please note that supplied figures are based on a re-baselined and certified Carbon Footprint with the Carbon Trust reflecting serving size changes. The date of previous figure supplied reflects the date of the previous certification. The reduction in our Walkers Crisps product can be attributed to • Electricity and gas efficiency improvements at site as a result of continued reduction targets at site. • Reduction of fuel consumption per km travelled (through vehicle replacements and driver efficiency). • Increased efficiency in logistics network management, resulting in a reduction in less empty return journeys. This included partners with customers. • A secondary packaging (corrugate case) weight reduction of 5% • Increased efficiency of raw material use at sites. The UK business has also made a commitment to reduce the agricultural footprint (carbon & water) of key potato suppliers by 50% in 5 years.",Product carbon efficiency changed,N/a (product with insufficient stage-level data),,,,,,"Divided total emissions by 1000, because they were given in grams; Streamlined product name to be uniform across years",,,,,
14605-1-2015,2015,No,Walkers Crisps 32.5 g sold in the United Kingdom,Life Cycle Carbon Footprint for PepsiCo’s Walkers Crisps 32.5 g sold in the United Kingdom.,"PepsiCo, Inc.",USA,Food & Beverage Processing,Not used for 2015 reporting,Food & Beverage,0.0325,As per company's submission to CDP,0.08,2.46,GHGP,-0.02,"Please note that supplied figures are based on a re-baselined and certified Carbon Footprint with the Carbon Trust reflecting serving size changes. The date of previous figure supplied reflects the date of the previous certification. The reduction in our Walkers Crisps product can be attributed to • Electricity and gas efficiency improvements at site as a result of continued reduction targets at site. • Reduction of fuel consumption per km travelled (through vehicle replacements and driver efficiency). • Increased efficiency in logistics network management, resulting in a reduction in less empty return journeys. This included partners with customers. • A secondary packaging (corrugate case) weight reduction of 5% • Increased efficiency of raw material use at sites. The UK business has also made a commitment to reduce the agricultural footprint (carbon & water) of key potato suppliers by 50% in 5 years",Product carbon efficiency changed,N/a (product with insufficient stage-level data),,,,,,"Divided total emissions by 1000, because they were given in grams; GCIS Sector was not an input option for the 2015 survery, a sector designation was applied by referencing previous year's data; Streamlined product name to be uniform across years",,,,,
14605-2-2013,2013,No,Walkers Crisps 50g bag sold in the United Kingdom,Field not included in 2013 data,"PepsiCo, Inc.",USA,"Food, Beverage & Tobacco",Beverages,Food & Beverage,0.05,As per company's submission to CDP,0.12,2.4,GHGP,-0.02,"Please note that supplied figures are based on a re-baselined and certified Carbon Footprint with the Carbon Trust.  The date of previous figure supplied reflects the date of the previous certification.  The reduction in our Walkers Crisps product can be attributed to • Electricity and gas efficiency improvements at site as a result of continued reduction targets at site. • Reduction of fuel consumption per km travelled (through vehicle replacements and driver efficiency). • Increased efficiency in logistics network management, resulting in a reduction in less empty return journeys. This included partners with customers. • A secondary packaging (corrugate case) weight reduction of 5% • Increased efficiency of raw material use at sites.  The UK business has made a commitment to reduce the agricultural footprint (carbon & water) of key potato suppliers by 50% in 5 years – the results of this supply chain engagement should be evidenced in the next re-certification.",Product carbon efficiency changed,N/a (product with insufficient stage-level data),,,,,,"Divided total emissions by 1000, because they were given in grams; Streamlined product name to be uniform across years",,,,,
14605-2-2014,2014,No,Walkers Crisps 50g bag sold in the United Kingdom,Life Cycle Carbon Footprint for PepsiCo’s Walkers Crisps 50g bag sold in the United Kingdom,"PepsiCo, Inc.",USA,"Food, Beverage & Tobacco",Beverages,Food & Beverage,0.05,As per company's submission to CDP,0.12,2.4,GHGP,-0.02,"Please note that supplied figures are based on a re-baselined and certified Carbon Footprint with the Carbon Trust. The date of previous figure supplied reflects the date of the previous certification. The reduction in our Walkers Crisps product can be attributed to • Electricity and gas efficiency improvements at site as a result of continued reduction targets at site. • Reduction of fuel consumption per km travelled (through vehicle replacements and driver efficiency). • Increased efficiency in logistics network management, resulting in a reduction in less empty return journeys. This included partners with customers. • A secondary packaging (corrugate case) weight reduction of 5% • Increased efficiency of raw material use at sites. The UK business has made a commitment to reduce the agricultural footprint (carbon & water) of key potato suppliers by 50% in 5 years.",Product carbon efficiency changed,N/a (product with insufficient stage-level data),,,,,,"Divided total emissions by 1000, because they were given in grams; Streamlined product name to be uniform across years",,,,,
14605-2-2015,2015,No,Walkers Crisps 50g bag sold in the United Kingdom,Life Cycle Carbon Footprint for PepsiCo’s Walkers Crisps 50g bag sold in the United Kingdom,"PepsiCo, Inc.",USA,Food & Beverage Processing,Not used for 2015 reporting,Food & Beverage,0.05,As per company's submission to CDP,0.12,2.4,GHGP,-0.02,"Please note that supplied figures are based on a re-baselined and certified Carbon Footprint with the Carbon Trust. The date of previous figure supplied reflects the date of the previous certification. The reduction in our Walkers Crisps product can be attributed to • Electricity and gas efficiency improvements at site as a result of continued reduction targets at site. • Reduction of fuel consumption per km travelled (through vehicle replacements and driver efficiency). • Increased efficiency in logistics network management, resulting in a reduction in less empty return journeys. This included partners with customers. • A secondary packaging (corrugate case) weight reduction of 5% • Increased efficiency of raw material use at sites. The UK business has made a commitment to reduce the agricultural footprint (carbon & water) of key potato suppliers by 50% in 5 years.",Product carbon efficiency changed,N/a (product with insufficient stage-level data),,,,,,"Divided total emissions by 1000, because they were given in grams; GCIS Sector was not an input option for the 2015 survery, a sector designation was applied by referencing previous year's data; Streamlined product name to be uniform across years",,,,,
14605-3-2013,2013,No,Quaker Oats 1Kg box sold in the United Kingdom,Field not included in 2013 data,"PepsiCo, Inc.",USA,"Food, Beverage & Tobacco",Beverages,Food & Beverage,0.04,As per company's submission to CDP,0.07,1.75,GHGP,-0.12,"Please note that 0.07 kg of CO2e reflects a per serving size of 40g.  Reduced cooking times prescribed on pack. • Logistics efficiency improvements, notably: reduction of fuel consumption per km travelled (through vehicle replacements and driver efficiency); increased efficiency in network management resulting in less empty return journey’s. This included working with customers; substituting road transportation with rail between Cupar and our Southern Regional Distribution Centre. • A change in carton supplier between 2008 and 2010. • Increased product output per Kg oats, due to improved site efficiency with raw materials.   The UK business has made a commitment to reduce the agricultural footprint (carbon & water) of key oat suppliers by 50% in 5 years – the results of this supply chain engagement should be evidenced in the next re-certification.",Product carbon efficiency changed,N/a (product with insufficient stage-level data),,,,,,Removed redundant company name from product name; streamlined product name to be same across years,,,,,
14605-3-2014,2014,No,Quaker Oats 1Kg box sold in the United Kingdom,Life Cycle Carbon Footprint for PepsiCo’s Quaker Oats 1Kg box sold in the United Kingdom.,"PepsiCo, Inc.",USA,"Food, Beverage & Tobacco",Beverages,Food & Beverage,0.04,As per company's submission to CDP,0.07,1.75,GHGP,-0.12,"Please note that 0.07 kg of CO2e reflects a per serving size of 40g. Reduced cooking times prescribed on pack. • Logistics efficiency improvements, notably: reduction of fuel consumption per km travelled (through vehicle replacements and driver efficiency); increased efficiency in network management resulting in less empty return journey’s. This included working with customers; substituting road transportation with rail between Cupar and our Southern Regional Distribution Centre. • A change in carton supplier between 2008 and 2010. • Increased product output per Kg oats, due to improved site efficiency with raw materials. The UK business has made a commitment to reduce the agricultural footprint (carbon & water) of key oat suppliers by 50% in 5 years.",Product carbon efficiency changed,N/a (product with insufficient stage-level data),,,,,,Streamlined product name to be same across years,,,,,
14605-3-2015,2015,No,Quaker Oats 1Kg box sold in the United Kingdom,Life Cycle Carbon Footprint for PepsiCo’s Quaker Oats 1Kg box sold in the United Kingdom.,"PepsiCo, Inc.",USA,Food & Beverage Processing,Not used for 2015 reporting,Food & Beverage,0.04,As per company's submission to CDP,0.07,1.75,GHGP,-0.12,"Please note that 0.07 kg of CO2e reflects a per serving size of 40g. Reduced cooking times prescribed on pack. • Logistics efficiency improvements, notably: reduction of fuel consumption per km travelled (through vehicle replacements and driver efficiency); increased efficiency in network management resulting in less empty return journey’s. This included working with customers; substituting road transportation with rail between Cupar and our Southern Regional Distribution Centre. • A change in carton supplier between 2008 and 2010. • Increased product output per Kg oats, due to improved site efficiency with raw materials. The UK business has made a commitment to reduce the agricultural footprint (carbon & water) of key oat suppliers by 50% in 5 years.",Product carbon efficiency changed,N/a (product with insufficient stage-level data),,,,,,Streamlined product name to be same across years,,,,,
14605-4-2013,2013,No,Quaker Oats So Simple Original and Golden Syrup products,Quaker Oats So Simple Original and Golden Syrup products,"PepsiCo, Inc.",USA,"Food, Beverage & Tobacco",Beverages,Food & Beverage,0.324,As per company's submission to CDP,0.65,2.01,GHGP,-0.12,"Please note the figures reflects a per serving size of 27g or 36g depending on SKU f.  Reduced cooking times prescribed on pack. • Logistics efficiency improvements, notably: reduction of fuel consumption per km travelled (through vehicle replacements and driver efficiency); increased efficiency in network management resulting in less empty return journey’s, this included working with customers; substituting road transportation with rail between site and our Southern Regional Distribution Centre. • A change in carton supplier between 2008 and 2010. • Increased product output per Kg oats, due to improved site efficiency with raw materials.  The UK business has made a commitment to reduce the agricultural footprint (carbon & water) of key oat suppliers by 50% in 5 years – the results of this supply chain engagement should be evidenced in the next re-certification.",Product carbon efficiency changed,N/a (product with insufficient stage-level data),,,,,,Removed redundant company name from product name; streamlined product name to be same across years,,,,,
14605-4-2014,2014,No,Quaker Oats So Simple Original and Golden Syrup products,Life Cycle Carbon Footprint for PepsiCo’s Quaker Oats So Simple Original & Golden Syrup Products,"PepsiCo, Inc.",USA,"Food, Beverage & Tobacco",Beverages,Food & Beverage,0.324,As per company's submission to CDP,0.65,2.01,GHGP,-0.12,"Please note the figures reflects a per serving size of 27g or 36g depending on SKU f. Reduced cooking times prescribed on pack. • Logistics efficiency improvements, notably: reduction of fuel consumption per km travelled (through vehicle replacements and driver efficiency); increased efficiency in network management resulting in less empty return journey’s, this included working with customers; substituting road transportation with rail between site and our Southern Regional Distribution Centre. • A change in carton supplier between 2008 and 2010. • Increased product output per Kg oats, due to improved site efficiency with raw materials. The UK business has made a commitment to reduce the agricultural footprint (carbon & water) of key oat suppliers by 50% in 5 years.",Product carbon efficiency changed,N/a (product with insufficient stage-level data),,,,,,,,,,,
14605-4-2015,2015,No,Quaker Oats So Simple Original and Golden Syrup products,Life Cycle Carbon Footprint for PepsiCo’s Quaker Oats So Simple Original & Golden Syrup Products,"PepsiCo, Inc.",USA,Food & Beverage Processing,Not used for 2015 reporting,Food & Beverage,0.324,As per company's submission to CDP,0.65,2.01,GHGP,-0.12,"Please note the figures reflects a per serving size of 27g or 36g depending on SKU f. Reduced cooking times prescribed on pack. • Logistics efficiency improvements, notably: reduction of fuel consumption per km travelled (through vehicle replacements and driver efficiency); increased efficiency in network management resulting in less empty return journey’s, this included working with customers; substituting road transportation with rail between site and our Southern Regional Distribution Centre. • A change in carton supplier between 2008 and 2010. • Increased product output per Kg oats, due to improved site efficiency with raw materials. The UK business has made a commitment to reduce the agricultural footprint (carbon & water) of key oat suppliers by 50% in 5 years.",Product carbon efficiency changed,N/a (product with insufficient stage-level data),,,,,,,,,,,
22710-1-2014,2014,Yes,Coca-Cola (all packaging and sizes),Coca-Cola soft drink,Coca-Cola HBC AG,Switzerland,"Food, Beverage & Tobacco",Beverages,Food & Beverage,1.093,As per company's submission to CDP,0.1673,0.15,GHGP,(not reported by company),N/a,N/a (no previous data available),No,0.8428,0.1112,0.046,0.0418,,"Country corrected from ""Greece"" to ""Switzerland""",0.14100044,0.01860376,0.0076958,0.006993139999999999,
22710-1-2015,2015,Yes,Coca-Cola (all packaging and sizes),Coca-Cola soft drink (carbonated non-alcoholic  beverage),Coca-Cola HBC AG,Switzerland,Food & Beverage Processing,Not used for 2015 reporting,Food & Beverage,1.093,As per company's submission to CDP,0.158,0.14,GHGP,-0.054,Our reduction activities in the whole value chain.,Product carbon efficiency changed,No,0.3837,0.1271,0.4893,0.4823,,,0.0606246,0.0200818,0.0773094,0.0762034,
22710-1-2016,2016,Yes,Coca-Cola (all packaging and sizes),Coca-Cola soft drink (carbonated non-alcoholic beverage),Coca-Cola HBC AG,Switzerland,"Food, Beverage & Tobacco",Beverages,Food & Beverage,1.093,Estimated from external data based on product description,0.147,0.13,GHGP,-0.015,Our reduction activities in the whole value chain.,Product carbon efficiency changed,No,0.4217,0.1098,0.4685,0.4624,,,0.0619899,0.016140599999999998,0.0688695,0.06797279999999999,
2802-1-2013,2013,No,Ingeo--biopolymer (polylactid) made from corn starch,Ingeo--biopolymer (polylactid) made from corn starch,Cargill,USA,"Food, Beverage & Tobacco",Food Products,Food & Beverage,1.0,As per company's submission to CDP,1.3,1.3,ISO,(not reported by company),N/a,N/a (no %change reported),N/a (product with insufficient stage-level data),,,,,,,,,,,
2802-1-2014,2014,No,Ingeo,Ingeo--biopolymer (polylactid) made from corn starch,Cargill,USA,"Food, Beverage & Tobacco",Food Products,Food & Beverage,1.0,As per company's submission to CDP,1.3,1.3,ISO,(not reported by company),N/a,N/a (no %change reported),N/a (product with insufficient stage-level data),,,,,,,,,,,
28921-1-2016,2016,No,See attached sheet,Canned tomato products,Pacific Coast Producers,USA,"Food, Beverage & Tobacco",Food Products,Food & Beverage,907.19,As per company's submission to CDP,187.161,0.21,GHGP,(not reported by company),N/a,N/a (no %change reported),N/a (product with insufficient stage-level data),,,,,,,,,,,
33496-2-2014,2014,Yes,Walmart Brand Products,"Walmart Brand Product Emissions (Reported in kg/1000 units)  Honey Oatmeal Bread, 24oz  Yeasty Rolls, 17oz  Soft Wheat Roll, 17oz  English Muffin Toasting Bread, 20oz  9-Grain Bread, 22oz",Perfection Bakeries Inc.,USA,Food & Staples Retailing,Food & Staples Retailing,Food & Beverage,454.0,Estimated from external data based on product description,164.0,0.36,Not reported,(not reported by company),N/a,N/a (no %change reported),Yes,0.5274,0.2775,0.1951,0.1951,,,86.4936,45.510000000000005,31.996399999999998,31.996399999999998,
33496-2-2015,2015,Yes,Walmart Brand Products,"Walmart Brand Product Emissions (Reported in kg/1000 units)  12-Grain Bread, Natural Wheat Bread, Honey Oatmeal Bread, Yeasty Rolls, and Soft Wheat Rolls",Perfection Bakeries Inc.,USA,Food & Staples Retailing,Not used for 2015 reporting,Food & Beverage,454.0,Estimated from external data based on product description,179.0,0.39,Not reported,0.0906,"We produced 9.86% more Walmart-brand products by weight. Since my estimations are based on weight, more Walmart-brand pounds produced will result in an increase in emissions/unit. In addition, and to a lesser extent, my accounting error in 2013 resulted in me under-reporting emissions for 2013. This also had the effect of my emissions relative to 2013 being a little higher. I also had more emissions overall in 2014 than in 2013.",Model/parameters AND product carbon efficiency changed,Yes,0.4822,0.2537,0.264,0.264,,,86.3138,45.412299999999995,47.256,47.256,
33496-2-2016,2016,No,Walmart Brand Products,"Walmart Brand Product Emissions (Reported in kg CO2e/lb units)  12-Grain Bread, Honey Oatmeal Bread, Yeasty Dinner Rolls, Seeded Rye Bread, Pumpernickel Bread",Perfection Bakeries Inc.,USA,"Food, Beverage & Tobacco",Beverages,Food & Beverage,0.454,As per company's submission to CDP,0.141,0.31,Not reported,-0.0207,"We manufactured the same products for Walmart in FY15, so I would expect the emissions to be similar. Our production lbs of Walmart brand products increased 49.3% over FY15, but our emissions per unit stayed relatively constant (-2.07%). Due to mymanufacturing process it is difficult to obtain exact emission numbers for specific Walmart brand products. Thus, I calculate an emissions factor based on company-wide emissions, including all products produced, then multiply this emission factor by the weight of Walmart brand products. Due to this limitation in reporting, by Walmart brand emissions decreased because my emissions for all products decreased.",Product carbon efficiency changed,N/a (product with insufficient stage-level data),,,,,,,,,,,
3435-1-2016,2016,Yes,GMP (5'-Guanylate),Flavor enhancer,CJ Cheiljedang,South Korea,"Food, Beverage & Tobacco",Beverages,Food & Beverage,1000.0,As per company's submission to CDP,24839.0,24.84,GHGP,-0.0309,"We optimize our production process to maximize productivity and maximize facility utilization efficiency (air compressors / coolers, etc.).? Note : Revision of 2016 SKU unit notation  - Before Change : kg  - After Change : Ton",Product carbon efficiency changed,No,0.3413,0.6543,0.0043,0.0041,,Converted stage CO2e figures in SM32b from ton to kg (consistent with product level submission),8477.5507,16252.1577,106.8077,101.83990000000001,
3435-2-2016,2016,Yes,I&G (5'-Ribonucleotide),Flavor enhancer,CJ Cheiljedang,South Korea,"Food, Beverage & Tobacco",Beverages,Food & Beverage,1000.0,As per company's submission to CDP,21126.0,21.13,GHGP,-0.0138,"We optimize our production process to maximize productivity and maximize facility utilization efficiency (air compressors / coolers, etc.).? Note : Revision of 2016 SKU unit notation  - Before Change : kg  - After Change : Ton",Product carbon efficiency changed,No,0.2359,0.7593,0.0049,0.0045,,Converted stage CO2e figures in SM32b from ton to kg (consistent with product level submission),4983.6234,16040.9718,103.5174,95.067,
3435-3-2016,2016,Yes,IMP (5'-Inosinate),Flavor enhancer,CJ Cheiljedang,South Korea,"Food, Beverage & Tobacco",Beverages,Food & Beverage,1000.0,As per company's submission to CDP,18042.0,18.04,GHGP,-0.0078,"We optimize our production process to maximize productivity and maximize facility utilization efficiency (air compressors / coolers, etc.).? Note : Revision of 2016 SKU unit notation  - Before Change : kg  - After Change : Ton",Product carbon efficiency changed,No,0.1672,0.8307,0.0021,0.0019,,Converted stage CO2e figures in SM32b from ton to kg (consistent with product level submission),3016.6223999999997,14987.4894,37.8882,34.2798,
3435-4-2016,2016,Yes,L-Arginine,Food grade amino acid,CJ Cheiljedang,South Korea,"Food, Beverage & Tobacco",Beverages,Food & Beverage,1000.0,As per company's submission to CDP,26836.0,26.84,GHGP,-0.0419,"We optimize our production process to maximize productivity and maximize facility utilization efficiency (air compressors / coolers, etc.).",Product carbon efficiency changed,No,0.2989,0.6984,0.0026,0.0025,,Converted stage CO2e figures in SM32b from ton to kg (consistent with product level submission),8021.2804,18742.2624,69.7736,67.09,
3435-5-2016,2016,Yes,MSG (Monosodium Glutamate),Flavor enhancer,CJ Cheiljedang,South Korea,"Food, Beverage & Tobacco",Beverages,Food & Beverage,1000.0,As per company's submission to CDP,3859.0,3.86,GHGP,-0.0007,"We optimize our production process to maximize productivity and maximize facility utilization efficiency (air compressors / coolers, etc.).? Note : Revision of 2016 SKU unit notation  - Before Change : kg  - After Change : Ton",Product carbon efficiency changed,No,0.2273,0.7608,0.0119,0.0111,,Converted stage CO2e figures in SM32b from ton to kg (consistent with product level submission),877.1507,2935.9272,45.9221,42.834900000000005,
3435-6-2016,2016,No,SUGAR,Food Ingredients,CJ Cheiljedang,South Korea,"Food, Beverage & Tobacco",Beverages,Food & Beverage,1000.0,As per company's submission to CDP,114.8,0.11,GHGP,(not reported by company),N/a,N/a (no previous data available),N/a (product with insufficient stage-level data),,,,,,,,,,,
34386-1-2016,2016,Yes,Nicotine,Nicotine (i) 1 kg of nicotine (ii) requires further processing and transformation by third party.,CONTRAF-NICOTEX-TOBACCO GmbH,Germany,"Food, Beverage & Tobacco",Tobacco,Food & Beverage,1.0,As per company's submission to CDP,16.884,16.88,GHGP,0.07,(i) reduced output (ii) higher electricity consuption,Product carbon efficiency changed,Yes,0.2357,0.124,0.6403,0.6403,,,3.9795588,2.093616,10.8108252,10.8108252,
3565-10-2013,2013,Yes,Coke Zero 330 ml glass bottle,Field not included in 2013 data,"Coca-Cola Enterprises, Inc.",USA,"Food, Beverage & Tobacco",Beverages,Food & Beverage,0.541,Estimated from external data based on product description,0.34,0.63,GHGP,(not reported by company),N/a,N/a (no %change reported),No,0.7395,0.0342,0.2263,0.043,,,0.25143000000000004,0.011628000000000001,0.07694200000000001,0.01462,
3565-11-2013,2013,Yes,Coke Zero 500ml PET,Field not included in 2013 data,"Coca-Cola Enterprises, Inc.",USA,"Food, Beverage & Tobacco",Beverages,Food & Beverage,0.541,Estimated from external data based on product description,0.22,0.41,GHGP,(not reported by company),N/a,N/a (no %change reported),No,0.5209,0.1232,0.3559,0.0718,,,0.114598,0.027104,0.07829799999999999,0.015796,
3565-1-2013,2013,Yes,Coca-Cola 300ml can,Field not included in 2013 data,"Coca-Cola Enterprises, Inc.",USA,"Food, Beverage & Tobacco",Beverages,Food & Beverage,0.3,As per company's submission to CDP,0.17,0.57,GHGP,(not reported by company),N/a,N/a (no %change reported),No,0.6976,0.07,0.2324,0.0571,,,0.118592,0.011900000000000003,0.039508,0.009707,
3565-12-2013,2013,Yes,Coke Zero- 2 litre plastic bottle,Field not included in 2013 data,"Coca-Cola Enterprises, Inc.",USA,"Food, Beverage & Tobacco",Beverages,Food & Beverage,2.0,As per company's submission to CDP,0.4,0.2,GHGP,(not reported by company),N/a,N/a (no %change reported),No,0.502,0.216,0.282,0.138,,,0.2008,0.0864,0.1128,0.055200000000000006,
3565-13-2013,2013,Yes,Oasis Summer Fruits  - 375ml glass,Field not included in 2013 data,"Coca-Cola Enterprises, Inc.",USA,"Food, Beverage & Tobacco",Beverages,Food & Beverage,0.614,Estimated from external data based on product description,0.35,0.57,GHGP,(not reported by company),N/a,N/a (no %change reported),No,0.7251,0.0429,0.2321,0.048,,,0.253785,0.015014999999999999,0.081235,0.0168,
3565-14-2013,2013,Yes,Oasis Summer Fruits - 500ml plastic bottle,Field not included in 2013 data,"Coca-Cola Enterprises, Inc.",USA,"Food, Beverage & Tobacco",Beverages,Food & Beverage,0.541,Estimated from external data based on product description,0.24,0.44,GHGP,(not reported by company),N/a,N/a (no %change reported),No,0.5684,0.1143,0.3173,0.0651,,,0.136416,0.027431999999999998,0.076152,0.015624,
3565-2-2013,2013,No,Coca-Cola 300ml glass bottle,Field not included in 2013 data,"Coca-Cola Enterprises, Inc.",USA,"Food, Beverage & Tobacco",Beverages,Food & Beverage,0.492,Estimated from external data based on product description,0.36,0.73,GHGP,(not reported by company),N/a,N/a (no %change reported),N/a (product with insufficient stage-level data),,,,,,,,,,,
3565-3-2013,2013,Yes,Coca-Cola 500ml plastic bottle,Field not included in 2013 data,"Coca-Cola Enterprises, Inc.",USA,"Food, Beverage & Tobacco",Beverages,Food & Beverage,0.541,Estimated from external data based on product description,0.24,0.44,GHGP,(not reported by company),N/a,N/a (no %change reported),No,0.5718,0.1102,0.318,0.0659,,,0.137232,0.026448,0.07632,0.015816,
3565-4-2013,2013,Yes,Coca-Cola 2 litre plastic bottle,Field not included in 2013 data,"Coca-Cola Enterprises, Inc.",USA,"Food, Beverage & Tobacco",Beverages,Food & Beverage,2.0,As per company's submission to CDP,0.5,0.25,GHGP,(not reported by company),N/a,N/a (no %change reported),No,0.6096,0.1712,0.2192,0.1101,,,0.3048,0.0856,0.1096,0.05505,
3565-5-2013,2013,Yes,Diet Coke 300ml can,Field not included in 2013 data,"Coca-Cola Enterprises, Inc.",USA,"Food, Beverage & Tobacco",Beverages,Food & Beverage,0.3,As per company's submission to CDP,0.15,0.5,GHGP,(not reported by company),N/a,N/a (no %change reported),No,0.6644,0.0766,0.259,0.0619,,,0.09966,0.01149,0.03885,0.009285,
3565-6-2013,2013,Yes,Diet Coke 330ml glass bottle,Field not included in 2013 data,"Coca-Cola Enterprises, Inc.",USA,"Food, Beverage & Tobacco",Beverages,Food & Beverage,0.541,Estimated from external data based on product description,0.34,0.63,GHGP,(not reported by company),N/a,N/a (no %change reported),No,0.7338,0.035,0.2312,0.0439,,,0.24949200000000002,0.011900000000000003,0.078608,0.014926000000000002,
3565-7-2013,2013,Yes,Diet Coke 500 ml plastic bottle,Field not included in 2013 data,"Coca-Cola Enterprises, Inc.",USA,"Food, Beverage & Tobacco",Beverages,Food & Beverage,0.541,Estimated from external data based on product description,0.22,0.41,GHGP,(not reported by company),N/a,N/a (no %change reported),No,0.5232,0.1222,0.3546,0.072,,,0.115104,0.026884,0.07801200000000001,0.01584,
3565-8-2013,2013,Yes,Diet Coke - 2 Litre Plastic Bottle,Field not included in 2013 data,"Coca-Cola Enterprises, Inc.",USA,"Food, Beverage & Tobacco",Beverages,Food & Beverage,2.0,As per company's submission to CDP,0.4,0.2,GHGP,(not reported by company),N/a,N/a (no %change reported),No,0.464,0.2328,0.3032,0.1483,,,0.18560000000000001,0.09312000000000001,0.12128000000000001,0.05932,
3565-9-2013,2013,Yes,Coke Zero 300ml can,Field not included in 2013 data,"Coca-Cola Enterprises, Inc.",USA,"Food, Beverage & Tobacco",Beverages,Food & Beverage,0.3,As per company's submission to CDP,0.15,0.5,GHGP,(not reported by company),N/a,N/a (no %change reported),No,0.5207,0.1233,0.356,0.072,,,0.07810500000000001,0.018495,0.053399999999999996,0.010799999999999999,
38359-10-2016,2016,Yes,Pesto alla Genovese sauce,"Pesto sauces, branded Barilla, are produced in an owned plant located in Rubbiano (Italy).The product is sold in package of 190 grams jar,",Barilla Holding SpA,Italy,Food & Staples Retailing,Food & Staples Retailing,Food & Beverage,0.19,As per company's submission to CDP,0.546,2.87,ISO,(not reported by company),N/a,N/a (no previous data available),No,0.8449,0.1423,0.0128,0.0128,,,0.46131540000000004,0.07769580000000001,0.006988800000000001,0.006988800000000001,
38359-1-2014,2014,Yes,Pasta produced in United States,"Durum wheat semolina dried Pasta made by durum semolina and water, with an humidity content of about 13%. It is produced and distributed in United States",Barilla Holding SpA,Italy,Food & Staples Retailing,Food & Staples Retailing,Food & Beverage,1.0,As per company's submission to CDP,1.279,1.28,ISO,-0.25,- Change in metodology (use of the new PCR 2010:01 version 2.0 2013-07-22) - Use of specific energy mix for USA - Use of specific data about packaging material,Model and/or parameters changed (but not product),No,0.5465,0.3753,0.0782,0.0782,,,0.6989734999999999,0.4800087,0.1000178,0.1000178,
38359-1-2015,2015,Yes,Pasta produced in United States,"Durum wheat semolina dried Pasta made by durum semolina and water, with an humidity content of about 13%. It is produced and distributed in United States",Barilla Holding SpA,Italy,Food & Staples Retailing,Not used for 2015 reporting,Food & Beverage,1.0,As per company's submission to CDP,1.317,1.32,ISO,0.03,The increase is mainly due to packaging production process because primary data are used instead of generic data.,Model and/or parameters changed (but not product),No,0.569,0.3551,0.0759,0.0759,,"Sum of LCA emissions were a factor of 1000 larger than the total emissions figure, LCA stage emissions were divided by 1000",0.749373,0.4676667,0.09996029999999999,0.09996029999999999,
38359-2-2014,2014,Yes,Pasta produced in Italy (local consumption),"Durum wheat semolina dried Pasta made by durum semolina and water, with an humidity content of about 13%. It is produced and distributed in Italy",Barilla Holding SpA,Italy,Food & Staples Retailing,Food & Staples Retailing,Food & Beverage,1.0,As per company's submission to CDP,0.947,0.95,ISO,-0.29,- Change in metodology (use of the new PCR 2010:01 version 2.0 2013-07-22) - Use of specific energy mix for Italy - Use of specific data about packaging material,Model and/or parameters changed (but not product),No,0.6938,0.264,0.0422,0.0422,,,0.6570286,0.250008,0.039963399999999996,0.039963399999999996,
38359-2-2015,2015,Yes,Pasta produced in Italy (local consumption),"Durum wheat semolina dried Pasta made by durum semolina and water, with an humidity content of about 13%. It is produced and distributed in Italy",Barilla Holding SpA,Italy,Food & Staples Retailing,Not used for 2015 reporting,Food & Beverage,1.0,As per company's submission to CDP,0.848,0.85,ISO,-0.1,The decrease is mainly due to raw material production because of the durum wheat yield increased respect to the previous data,Product carbon efficiency changed,No,0.6706,0.2857,0.0437,0.0437,,"Sum of LCA emissions were a factor of 1000 larger than the total emissions figure, LCA stage emissions were divided by 1000",0.5686688,0.2422736,0.0370576,0.0370576,
38359-3-2014,2014,Yes,Pasta produced in Italy (for export),"Durum wheat semolina dried Pasta made by durum semolina and water, with an humidity content of about 13%. It is produced in Italy and distributed all over the world.",Barilla Holding SpA,Italy,Food & Staples Retailing,Food & Staples Retailing,Food & Beverage,1.0,As per company's submission to CDP,1.027,1.03,ISO,-0.25,- Change in metodology (use of the new PCR 2010:01 version 2.0 2013-07-22) - Use of specific energy mix for Italy - Use of specific data about packaging material,Model and/or parameters changed (but not product),No,0.6397,0.2434,0.1168,0.1168,,,0.6569718999999999,0.2499718,0.1199536,0.1199536,
38359-3-2015,2015,Yes,Pasta produced in Italy (for export),"Durum wheat semolina dried Pasta made by durum semolina and water, with an humidity content of about 13%. It is produced in Italy and distributed all over the world.",Barilla Holding SpA,Italy,Food & Staples Retailing,Not used for 2015 reporting,Food & Beverage,1.0,As per company's submission to CDP,0.885,0.89,ISO,-0.14,The decrease is mainly due to: - raw material production because of the durum wheat yield increased respect to the previous data - Transportation because specific data are used,Product carbon efficiency changed,No,0.6447,0.2747,0.0806,0.0806,,"Sum of LCA emissions were a factor of 1000 larger than the total emissions figure, LCA stage emissions were divided by 1000",0.5705595,0.2431095,0.071331,0.071331,
38359-4-2014,2014,Yes,Pasta produced in Greece,"Durum wheat semolina dried Pasta made by durum semolina and water, with an humidity content of about 13%. It is produced and distributed in Greece.",Barilla Holding SpA,Italy,Food & Staples Retailing,Food & Staples Retailing,Food & Beverage,1.0,As per company's submission to CDP,1.67,1.67,ISO,0.18,- Change in metodology (use of the new PCR 2010:01 version 2.0 2013-07-22) - Use of specific energy mix for Greece - Use of specific data about packaging material,Model and/or parameters changed (but not product),No,0.6084,0.2515,0.1401,0.1401,,,1.0160280000000002,0.42000499999999996,0.23396699999999998,0.23396699999999998,
38359-4-2015,2015,Yes,Pasta produced in Greece,"Durum wheat semolina dried Pasta made by durum semolina and water, with an humidity content of about 13%. It is produced and distributed in Greece.",Barilla Holding SpA,Italy,Food & Staples Retailing,Not used for 2015 reporting,Food & Beverage,1.0,As per company's submission to CDP,1.701,1.7,ISO,0.02,The increase is mainly due to electricity use in production process because the emission factor of the energy mix increases respect to the previous data.,Product carbon efficiency changed,No,0.5959,0.2665,0.1376,0.1376,,"Sum of LCA emissions were a factor of 1000 larger than the total emissions figure, LCA stage emissions were divided by 1000",1.0136259,0.45331650000000007,0.2340576,0.2340576,
38359-5-2014,2014,Yes,Pasta produced in Turkey,"Durum wheat semolina dried Pasta made by durum semolina and water, with an humidity content of about 13%. It is produced and distributed in Turkey.",Barilla Holding SpA,Italy,Food & Staples Retailing,Food & Staples Retailing,Food & Beverage,1.0,As per company's submission to CDP,0.926,0.93,ISO,-0.17,- Change in metodology (use of the new PCR 2010:01 version 2.0 2013-07-22) - Use of specific energy mix for Turkey - Use of specific data about packaging material,Model and/or parameters changed (but not product),No,0.6803,0.2354,0.0842,0.0842,,,0.6299578,0.21798040000000002,0.0779692,0.0779692,
38359-5-2015,2015,Yes,Pasta produced in Turkey,"Durum wheat semolina dried Pasta made by durum semolina and water, with an humidity content of about 13%. It is produced and distributed in Turkey.",Barilla Holding SpA,Italy,Food & Staples Retailing,Not used for 2015 reporting,Food & Beverage,1.0,As per company's submission to CDP,0.936,0.94,ISO,0.01,The increase is mainly due to raw material production because of the durum wheat yield decreases respect to the previous data,Product carbon efficiency changed,No,0.7497,0.1668,0.0834,0.0834,,"Sum of LCA emissions were a factor of 1000 larger than the total emissions figure, LCA stage emissions were divided by 1000",0.7017192000000001,0.1561248,0.0780624,0.0780624,
38359-6-2014,2014,No,Crisp’n light 7 grains,"Crackerbreads,branded Wasa, produced in Germany and sold in the United States.",Barilla Holding SpA,Italy,Food & Staples Retailing,Food & Staples Retailing,Food & Beverage,0.14,As per company's submission to CDP,0.181,1.29,ISO,(not reported by company),N/a,N/a (no %change reported),N/a (product with insufficient stage-level data),,,,,,,,,,,
38359-6-2015,2015,No,Crisp’n light 7 grains,"Crackerbreads,branded Wasa, produced in Germany and sold in the United States.",Barilla Holding SpA,Italy,Food & Staples Retailing,Not used for 2015 reporting,Food & Beverage,0.14,As per company's submission to CDP,0.211,1.51,ISO,0.17,All the phases considered in the study have a contribution on change: - Increase in cereals yield (positive contribution on climate change) - change in database for packaging production (negative contribution on climate change) - use of specific data for product transport (negative contribution on climate change),Model/parameters AND product carbon efficiency changed,N/a (product with insufficient stage-level data),,,,,,,,,,,
38359-7-2014,2014,No,Light rye,"Crispbread, branded Wasa, produced in Germany and sold in the United States.",Barilla Holding SpA,Italy,Food & Staples Retailing,Food & Staples Retailing,Food & Beverage,0.27,As per company's submission to CDP,0.316,1.17,ISO,(not reported by company),N/a,N/a (no %change reported),N/a (product with insufficient stage-level data),,,,,,,,,,,
38359-7-2015,2015,No,Light rye,"Crispbread, branded Wasa, produced in Germany and sold in the United States.",Barilla Holding SpA,Italy,Food & Staples Retailing,Not used for 2015 reporting,Food & Beverage,0.27,As per company's submission to CDP,0.365,1.35,ISO,0.16,Major contribution to change is the use of specific data on product transport (use of specific data),Model and/or parameters changed (but not product),N/a (product with insufficient stage-level data),,,,,,,,,,,
38359-7-2016,2016,No,Light Rye,"Crispbread, branded Wasa, produced in Germany and sold in the United States.",Barilla Holding SpA,Italy,Food & Staples Retailing,Food & Staples Retailing,Food & Beverage,0.27,As per company's submission to CDP,0.386,1.43,ISO,(not reported by company),N/a,N/a (no %change reported),N/a (product with insufficient stage-level data),,,,,,,,,,,
38359-8-2014,2014,No,Multi grain,"Crispbread, branded Wasa, produced in Germany and sold in the United States",Barilla Holding SpA,Italy,Food & Staples Retailing,Food & Staples Retailing,Food & Beverage,0.275,As per company's submission to CDP,0.323,1.17,ISO,(not reported by company),N/a,N/a (no %change reported),N/a (product with insufficient stage-level data),,,,,,,,,,,
38359-8-2015,2015,Yes,Multi grain,"Crispbread, branded Wasa, produced in Germany and sold in the United States",Barilla Holding SpA,Italy,Food & Staples Retailing,Not used for 2015 reporting,Food & Beverage,0.275,As per company's submission to CDP,1.236,4.49,ISO,0.05,Major contribution to change is the use of specific data on product transport (use of specific data),Model and/or parameters changed (but not product),No,0.6561,0.161,0.1828,0.1828,,"Sum of LCA emissions were a factor of 1000 larger than the total emissions figure, LCA stage emissions were divided by 1000",0.8109396,0.198996,0.2259408,0.2259408,
38359-8-2016,2016,No,Multi Grain,"Crispbread, branded Wasa, produced in Germany and sold in the United States",Barilla Holding SpA,Italy,Food & Staples Retailing,Food & Staples Retailing,Food & Beverage,0.275,As per company's submission to CDP,0.34,1.24,ISO,(not reported by company),N/a,N/a (no %change reported),N/a (product with insufficient stage-level data),,,,,,,,,,,
38359-9-2016,2016,No,Durum wheat semolina pasta in paperboard box (produced in United States),Dry semolina pasta is made from durum wheat and water and is produced by extrusion or lamination and then a drying process.The pasta production process does not require additives and preservatives:it is the drying process that guarantees the conservation.,Barilla Holding SpA,Italy,Food & Staples Retailing,Food & Staples Retailing,Food & Beverage,1.0,As per company's submission to CDP,1.33,1.33,ISO,0.05,The increase is mainly due to a variation in durum wheat yield.,Product carbon efficiency changed,N/a (product with insufficient stage-level data),,,,,,,,,,,
38459-1-2013,2013,Yes,5 oz can whitemeat tuna,Field not included in 2013 data,Bumble Bee Foods LLC,USA,"Food, Beverage & Tobacco",Food Products,Food & Beverage,0.179,Estimated from external data based on product description,0.68,3.8,Not reported,(not reported by company),N/a,N/a (no %change reported),No,0.8088,0.1471,0.0441,0.0441,,,0.549984,0.10002800000000002,0.029988,0.029988,
38459-2-2013,2013,Yes,5 oz can lightmeat tuna,Field not included in 2013 data,Bumble Bee Foods LLC,USA,"Food, Beverage & Tobacco",Food Products,Food & Beverage,0.179,Estimated from external data based on product description,0.39,2.18,Not reported,(not reported by company),N/a,N/a (no %change reported),No,0.8462,0.0513,0.1026,0.1026,,,0.330018,0.020007,0.040014,0.040014,
39118-1-2013,2013,No,This is the average footprint of the 31 products we provided Walmart in 2012. The unit is in kg CO2e/tonne of product.,This is the average footprint of the 31 products we provided Walmart in 2012. The unit is in kg CO2e/tonne of product.,Stonyfield Farm Inc,USA,"Food, Beverage & Tobacco",Food Products,Food & Beverage,1000.0,As per company's submission to CDP,1361.0,1.36,PAS2050,(not reported by company),N/a,N/a (no %change reported),N/a (product with insufficient stage-level data),,,,,,,,,,,
39118-1-2014,2014,No,Average SKU,Average SKU sold to Walmart in 2013,Stonyfield Farm Inc,USA,"Food, Beverage & Tobacco",Food Products,Food & Beverage,1000.0,As per company's submission to CDP,1360.0,1.36,PAS2050,(not reported by company),N/a,N/a (no %change reported),N/a (product with insufficient stage-level data),,,,,,,,,,,
394-10-2017,2017,No,HON-DASHI(R),Manufacture of basic dried bonito flake ingredients (seasoning),Ajinomoto Co.Inc.,Japan,"Food, Beverage & Tobacco",Beverages,Food & Beverage,0.12,As per company's submission to CDP,1.69,14.08,ISO,(not reported by company),N/a,N/a (no %change reported),N/a (product with insufficient stage-level data),,,,,,,,,,,
394-11-2017,2017,No,Knorr(R) Cup Soup Tsubu Tappuri Corn Cream,Freeze-dried soup,Ajinomoto Co.Inc.,Japan,"Food, Beverage & Tobacco",Beverages,Food & Beverage,0.0465,As per company's submission to CDP,0.33,7.1,ISO,(not reported by company),N/a,N/a (no %change reported),N/a (product with insufficient stage-level data),,,,,,,,,,,
394-1-2015,2015,Yes,L-Lysine Monohydrochloride(For Feed),Nutritional reinforcement goods for stockbreeding feed. Essential amino-acid.,Ajinomoto Co.Inc.,Japan,Food & Beverage Processing,Not used for 2015 reporting,Food & Beverage,25.0,As per company's submission to CDP,130.0,5.2,CFP Japan,(not reported by company),N/a,N/a (no %change reported),No,0.3341,0.6364,0.0294,0.0294,,,43.433,82.732,3.822,3.822,
394-1-2017,2017,Yes,L-Lysine Monohydrochloride(For Feed),Feed-use amino acid Nutritional reinforcement goods for stockbreeding feed. Essential amino-acid.,Ajinomoto Co.Inc.,Japan,"Food, Beverage & Tobacco",Beverages,Food & Beverage,25.0,As per company's submission to CDP,130.0,5.2,ISO,(not reported by company),N/a,N/a (no %change reported),No,0.3341,0.6364,0.0294,0.0294,,,43.433,82.732,3.822,3.822,
394-12-2017,2017,Yes,L-Arginine,Amino acid for food additives,Ajinomoto Co.Inc.,Japan,"Food, Beverage & Tobacco",Beverages,Food & Beverage,20.0,As per company's submission to CDP,301.0,15.05,ISO,(not reported by company),N/a,N/a (no %change reported),No,0.3991,0.5954,0.0055,0.0055,,,120.12910000000001,179.21540000000002,1.6555,1.6555,
394-13-2017,2017,No,Lemon and Basil Fried Chicken,Frozen foods,Ajinomoto Co.Inc.,Japan,"Food, Beverage & Tobacco",Beverages,Food & Beverage,0.126,As per company's submission to CDP,0.74,5.87,ISO,(not reported by company),N/a,N/a (no %change reported),N/a (product with insufficient stage-level data),,,,,,,,,,,
394-14-2017,2017,Yes,L-Glutamine,Amino acid for food additives,Ajinomoto Co.Inc.,Japan,"Food, Beverage & Tobacco",Beverages,Food & Beverage,25.0,As per company's submission to CDP,319.0,12.76,ISO,(not reported by company),N/a,N/a (no %change reported),No,0.3695,0.6044,0.0261,0.0261,,,117.87049999999999,192.80360000000002,8.3259,8.3259,
394-15-2017,2017,Yes,L-Isoleucine,Amino acid for food additives,Ajinomoto Co.Inc.,Japan,"Food, Beverage & Tobacco",Beverages,Food & Beverage,20.0,As per company's submission to CDP,433.0,21.65,ISO,(not reported by company),N/a,N/a (no %change reported),No,0.2791,0.7059,0.0149,0.0149,,,120.8503,305.6547,6.4517,6.4517,
394-16-2017,2017,Yes,L-leucine,Amino acid for food additives,Ajinomoto Co.Inc.,Japan,"Food, Beverage & Tobacco",Beverages,Food & Beverage,20.0,As per company's submission to CDP,585.0,29.25,ISO,(not reported by company),N/a,N/a (no %change reported),No,0.1845,0.8045,0.0111,0.0111,,,107.9325,470.6325,6.4935,6.4935,
394-17-2017,2017,Yes,L-Valine,Amino acid for food additives,Ajinomoto Co.Inc.,Japan,"Food, Beverage & Tobacco",Beverages,Food & Beverage,20.0,As per company's submission to CDP,393.0,19.65,ISO,(not reported by company),N/a,N/a (no %change reported),No,0.2019,0.7816,0.0165,0.0165,,,79.3467,307.1688,6.484500000000001,6.484500000000001,
394-18-2017,2017,No,Masako Ayam,Indonesian dried seasoning,Ajinomoto Co.Inc.,Japan,"Food, Beverage & Tobacco",Beverages,Food & Beverage,0.011,As per company's submission to CDP,0.03,2.73,ISO,(not reported by company),N/a,N/a (no previous data available),N/a (product with insufficient stage-level data),,,,,,,,,,,
394-19-2017,2017,No,Mentsuyu,Liquid seasoning,Ajinomoto Co.Inc.,Japan,"Food, Beverage & Tobacco",Beverages,Food & Beverage,0.4,As per company's submission to CDP,1.01,2.53,ISO,(not reported by company),N/a,N/a (no previous data available),N/a (product with insufficient stage-level data),,,,,,,,,,,
394-20-2017,2017,Yes,Monosodium L-Glutamate,Amino acid for food additives,Ajinomoto Co.Inc.,Japan,"Food, Beverage & Tobacco",Beverages,Food & Beverage,20.0,As per company's submission to CDP,58.0,2.9,ISO,(not reported by company),N/a,N/a (no %change reported),No,0.439,0.5348,0.0261,0.0261,,,25.462,31.018400000000003,1.5138,1.5138,
394-21-2017,2017,No,Nabe Cube(R) Toridashi Umashio,Cubed seasoning,Ajinomoto Co.Inc.,Japan,"Food, Beverage & Tobacco",Beverages,Food & Beverage,0.058,As per company's submission to CDP,0.5,8.62,ISO,(not reported by company),N/a,N/a (no %change reported),N/a (product with insufficient stage-level data),,,,,,,,,,,
394-2-2017,2017,No,AGF Blendy Stick Cafe au Lait,Coffee mixes,Ajinomoto Co.Inc.,Japan,"Food, Beverage & Tobacco",Beverages,Food & Beverage,0.12,As per company's submission to CDP,0.58,0.21,ISO,(not reported by company),N/a,N/a (no %change reported),N/a (product with insufficient stage-level data),,,,,,,,,,,
394-22-2017,2017,No,Rosdee Pork,Thai dried seasoning,Ajinomoto Co.Inc.,Japan,"Food, Beverage & Tobacco",Beverages,Food & Beverage,0.075,As per company's submission to CDP,0.24,3.2,ISO,(not reported by company),N/a,N/a (no previous data available),N/a (product with insufficient stage-level data),,,,,,,,,,,
394-3-2017,2017,No,Aji-ngon Pork,Vietnamese dried seasoning,Ajinomoto Co.Inc.,Japan,"Food, Beverage & Tobacco",Beverages,Food & Beverage,0.4,As per company's submission to CDP,1.07,0.37,ISO,(not reported by company),N/a,N/a (no previous data available),N/a (product with insufficient stage-level data),,,,,,,,,,,
394-4-2017,2017,No,Ajinomoto KK Consomme(Granules),Granules tiped Consomme seasoning,Ajinomoto Co.Inc.,Japan,"Food, Beverage & Tobacco",Beverages,Food & Beverage,0.085,As per company's submission to CDP,0.58,6.82,ISO,(not reported by company),N/a,N/a (no %change reported),N/a (product with insufficient stage-level data),,,,,,,,,,,
394-5-2017,2017,No,Ajinomoto KK Shirogayu 250g,Retort-pouched rice foods,Ajinomoto Co.Inc.,Japan,"Food, Beverage & Tobacco",Beverages,Food & Beverage,0.25,As per company's submission to CDP,0.2,0.8,ISO,(not reported by company),N/a,N/a (no %change reported),N/a (product with insufficient stage-level data),,,,,,,,,,,
394-6-2017,2017,No,Aspartame,Sweetner made from amino acids,Ajinomoto Co.Inc.,Japan,"Food, Beverage & Tobacco",Beverages,Food & Beverage,25.0,As per company's submission to CDP,780.0,31.2,ISO,(not reported by company),N/a,N/a (no %change reported),N/a (product with insufficient stage-level data),,,,,,,,,,,
394-7-2017,2017,No,Cook Do(R) Hoikoro,Chinese taste liquid-based seasoning,Ajinomoto Co.Inc.,Japan,"Food, Beverage & Tobacco",Beverages,Food & Beverage,0.09,As per company's submission to CDP,0.27,3.0,ISO,(not reported by company),N/a,N/a (no %change reported),N/a (product with insufficient stage-level data),,,,,,,,,,,
394-8-2017,2017,No,Cook Do(R) kyo-no Ozara Butabara Daikon,Japanese taste liquid-based seasoning,Ajinomoto Co.Inc.,Japan,"Food, Beverage & Tobacco",Beverages,Food & Beverage,0.1,As per company's submission to CDP,0.23,2.3,ISO,(not reported by company),N/a,N/a (no %change reported),N/a (product with insufficient stage-level data),,,,,,,,,,,
394-9-2017,2017,Yes,Di-sodium 5'-Inosinate,Kind of nucleic acid for food additives,Ajinomoto Co.Inc.,Japan,"Food, Beverage & Tobacco",Beverages,Food & Beverage,12.0,As per company's submission to CDP,155.0,12.92,ISO,(not reported by company),N/a,N/a (no %change reported),No,0.4281,0.5661,0.0058,0.0058,,,66.35549999999999,87.7455,0.8989999999999999,0.8989999999999999,
40638-1-2016,2016,No,Diced tomato,Diced tomato is produced from fresh tomato specially selected for this product in the fields and by color sorting and selection by labour.Tomato is cut in dices and blended with a juice to get the requested brix,Agraz,Spain,"Food, Beverage & Tobacco",Food Products,Food & Beverage,220.0,Estimated from external data based on product description,155.71,0.71,GHGP,-0.0363,N/a,No specific reason reported,N/a (product with insufficient stage-level data),,,,,,,,,,,
40638-2-2016,2016,No,Tomato fibre,,Agraz,Spain,"Food, Beverage & Tobacco",Food Products,Food & Beverage,25.0,Estimated from external data based on product description,12.52,0.5,GHGP,(not reported by company),N/a,N/a (no previous data available),N/a (product with insufficient stage-level data),,,,,,,,,,,
40638-3-2016,2016,No,Tomato paste,"Tomato paste is produced from fresh tomato unloaded, crushed,passing through pulper finisher to remove skins and sedes, evaporated using vacuum and temperatura sterilized and packed in asseptic bags",Agraz,Spain,"Food, Beverage & Tobacco",Food Products,Food & Beverage,238.0,Estimated from external data based on product description,155.78,0.65,GHGP,-0.0363,N/a,No specific reason reported,N/a (product with insufficient stage-level data),,,,,,,,,,,
40638-4-2016,2016,No,Tomato powder,Tomato powder is produced in crop time from fresh tomato after having the skin and seeds removed after going through the pulper finisher.After crop time it is produced from tomato paste concentarted and pasteurized.Drying operation is done by a spray dryer,Agraz,Spain,"Food, Beverage & Tobacco",Food Products,Food & Beverage,25.0,Estimated from external data based on product description,16.22,0.65,GHGP,-0.0363,N/a,No specific reason reported,N/a (product with insufficient stage-level data),,,,,,,,,,,
40661-1-2014,2014,No,Peppermint tea infusion,peppermint Infusion per Cup (= 2gram),Martin Bauer GmbH,Germany,"Food, Beverage & Tobacco",Food Products,Food & Beverage,0.002,As per company's submission to CDP,0.02041,10.21,Not reported,(not reported by company),N/a,N/a (no %change reported),N/a (product with insufficient stage-level data),,,,,,,,,,,
40661-1-2015,2015,No,Peppermint tea infusion,Peppermint Infusion per Cup = 2gram,Martin Bauer GmbH,Germany,"Food, Beverage & Tobacco",Food Products,Food & Beverage,0.002,As per company's submission to CDP,0.02041,10.21,Not reported,(not reported by company),N/a,N/a (no %change reported),N/a (product with insufficient stage-level data),,,,,,Adjusted GICS to make consistent with Martin Bauer GmbH's 2014 reporting,,,,,
4311-1-2013,2013,Yes,Set yoghourt,Field not included in 2013 data,Danone,France,"Food, Beverage & Tobacco",Food Products,Food & Beverage,1.0,As per company's submission to CDP,1.531,1.53,PAS2050,(not reported by company),N/a,N/a (no %change reported),No,0.6519,0.113,0.2351,0.0999,0.0235,,0.9980589,0.173003,0.3599381,0.1529469,0.0359785
4311-2-2013,2013,Yes,Drink yoghourt,Field not included in 2013 data,Danone,France,"Food, Beverage & Tobacco",Food Products,Food & Beverage,1.0,As per company's submission to CDP,1.297,1.3,PAS2050,(not reported by company),N/a,N/a (no %change reported),No,0.6345,0.091,0.2745,0.1203,0.0871,,0.8229464999999999,0.11802699999999999,0.3560265,0.1560291,0.11296869999999999
4311-3-2013,2013,Yes,Plain Water (SKU: Bonafont 1L film bottle),Field not included in 2013 data,Danone,France,"Food, Beverage & Tobacco",Food Products,Food & Beverage,1.0,Estimated from external data based on product description,0.174,0.17,PAS2050,(not reported by company),N/a,N/a (no %change reported),No,0.3563,0.1724,0.4713,0.2931,0.0,Streamlined product name/description to be the same across stages and years,0.061996199999999994,0.0299976,0.08200619999999999,0.0509994,0.0
4311-4-2015,2015,Yes,BONAFONT NATURAL 6000 ML X2 FILM 84 (6L RPET Bottle)_54742,Plain water bottle of a 6 liters capacity produced and sold in Mexico. The bottle is made of 100% rPET. top SKU of Bonafont volumes sold to Walmart. represent 9% of the volumes.,Danone,France,Food & Beverage Processing,Not used for 2015 reporting,Food & Beverage,1.0,Estimated from external data based on product description,0.145,0.15,PAS2050,-0.04,figures are provided in Kg CO2/Kg of product. The reduction of carbon emission for this sku is resulteb by achivement of action plans on downstream logistics by optimization of truck filling and on energy consumption by reducing thermal and electricity on factories.,Product carbon efficiency changed,No,0.3624,0.1978,0.4398,0.1508,0.0775,,0.052548,0.028680999999999998,0.063771,0.021865999999999997,0.0112375
4311-5-2015,2015,Yes,DANONE MPCK STRAWBERRY 1960G (8X245G)_87121,ABA Strawberry drink yoghourt produced and sold in Mexico. A consumer unit contains 245g. This SKU contains 8 pack; top SKU of Danone Mexico volumes sold to Walmart. represent 7% of the volumes.,Danone,France,Food & Beverage Processing,Not used for 2015 reporting,Food & Beverage,1.0,As per company's submission to CDP,2.279,2.28,Not reported,(not reported by company),N/a,N/a (no previous data available),No,0.7826,0.0548,0.1626,0.1357,0.0239,,1.7835454,0.12488919999999999,0.3705654,0.30926029999999993,0.0544681
4311-6-2015,2015,Yes,SILHOUETTE ST/PE/RA/BL 100GX16_14967,Silhouette stirred yoghouort produced and sold in Canada. A consumer unit contains 100g. This SKU contains 16 pots. top SKU of Danone canada volumes sold to Walmart. represent 4% of the volumes.,Danone,France,Food & Beverage Processing,Not used for 2015 reporting,Food & Beverage,1.0,As per company's submission to CDP,1.26,1.26,Not reported,(not reported by company),N/a,N/a (no previous data available),No,0.7878,0.0491,0.1631,0.051,0.0629,,0.992628,0.061866,0.205506,0.06426,0.07925399999999999
4311-7-2015,2015,Yes,Activia STR/PCH/BLU 24X4OZ CLUB_67740,"Activia Strawberry/ Peach /Blueberry stirred yoghourt produced and sold in the US. A consumer unit contains 113,4g.This reference is sold by 24. top SKU of Danone US volumes sold to Walmart. represent 3% of the volumes.",Danone,France,Food & Beverage Processing,Not used for 2015 reporting,Food & Beverage,1.0,As per company's submission to CDP,2.253,2.25,Not reported,(not reported by company),N/a,N/a (no previous data available),No,0.7478,0.0731,0.1791,0.0724,0.0494,,1.6847934000000002,0.16469430000000002,0.40351230000000005,0.16311720000000002,0.1112982
46693-1-2013,2013,No,Extra Neutral Potable Ethanol 96.4%,Field not included in 2013 data,NCP ALCOHOLS,South Africa,"Food, Beverage & Tobacco",Beverages,Food & Beverage,1041.66666666667,As per company's submission to CDP,2019.0,1.94,Not reported,(not reported by company),N/a,N/a (no %change reported),N/a (product with insufficient stage-level data),,,,,,,,,,,
46693-1-2016,2016,No,Extra Neutral Potable Ethanol 96.4%,Potable Grade Ethanol,NCP ALCOHOLS,South Africa,"Food, Beverage & Tobacco",Beverages,Food & Beverage,1041.66666666667,As per company's submission to CDP,1280.0,1.23,GHGP,0.031,Decrease in production.Reduced production has resulted in an increase in energy usage per kL of product produced.,Product carbon efficiency changed,N/a (product with insufficient stage-level data),,,,,,,,,,,
46702-1-2014,2014,Yes,Malt non HDP,metric tonne,MUNTONS PLC,United Kingdom,Food & Staples Retailing,Food & Staples Retailing,Food & Beverage,1000.0,As per company's submission to CDP,603.0,0.6,Not reported,(not reported by company),N/a,N/a (no %change reported),No,0.4992,0.5008,0.0,,,,301.01759999999996,301.98240000000004,0.0,,
46702-2-2015,2015,No,Malted barley,Manufacture of malted barley including the data from embedded carbon from growing,MUNTONS PLC,United Kingdom,Food & Staples Retailing,Not used for 2015 reporting,Food & Beverage,1000.0,As per company's submission to CDP,520.0,0.52,GHGP,-0.14,Our overall emissions in malting have reduced as have the average emissions of growing malting barley due to use of abated nitrogen fertiliser,Product carbon efficiency changed,N/a (product with insufficient stage-level data),,,,,,,,,,,
46702-2-2016,2016,Yes,Malted Barley,"Provision of bulk malt for brewing, distilling or food use",MUNTONS PLC,United Kingdom,"Food, Beverage & Tobacco",Beverages,Food & Beverage,1000.0,As per company's submission to CDP,561.0,0.56,GHGP,-0.0106,Uptake of abated nitrogen fertiliser use by farmers has reduced the input footprint of malting barley and this figute has been further refined by improvements in malting energy use,Product carbon efficiency changed,Yes,0.5615,0.2954,0.1431,0.1431,,,315.0015,165.7194,80.2791,80.2791,
46702-3-2016,2016,No,Malt extract,"Provision of liquid malt extract for brewing, distilling or food use",MUNTONS PLC,United Kingdom,"Food, Beverage & Tobacco",Beverages,Food & Beverage,1000.0,As per company's submission to CDP,947.0,0.95,GHGP,-0.0307,Uptake of abated nitrogen fertiliser use by farmers has reduced the input footprint of malting barley and this figute has been further refined by improvements in malting energy use,Product carbon efficiency changed,N/a (product with insufficient stage-level data),,,,,,,,,,,
46702-4-2016,2016,No,Malt flour in sack,"Provision of liquid malt extract for brewing, distilling or food use",MUNTONS PLC,United Kingdom,"Food, Beverage & Tobacco",Beverages,Food & Beverage,1000.0,As per company's submission to CDP,599.0,0.6,GHGP,-0.0116,Uptake of abated nitrogen fertiliser use by farmers has reduced the input footprint of malting barley and this figute has been further refined by improvements in malting energy use,Product carbon efficiency changed,N/a (product with insufficient stage-level data),,,,,,,,,,,
46702-5-2016,2016,No,Unmalted barley at harvest,Farm grown malting barley,MUNTONS PLC,United Kingdom,"Food, Beverage & Tobacco",Beverages,Food & Beverage,1000.0,As per company's submission to CDP,240.0,0.24,GHGP,(not reported by company),N/a,N/a (no %change reported),N/a (product with insufficient stage-level data),,,,,,,,,,,
47502-1-2013,2013,No,metal crown caps,Field not included in 2013 data,Fabrica de Tapas Bavaria,Colombia,"Food, Beverage & Tobacco",Beverages,Food & Beverage,0.00235,Estimated from external data based on product description,0.0004,0.17,GHGP,0.05,"Implementation of LG project (0,22 mm metal sheets to 0,18 metal sheets) with machine adaptations caused lower efficiencies during commissioning period. For theses year now with machines completely converted to the new metal sheets (0,18 mm), we expect approx. 4 thousand ton of CO2 savings.",Product carbon efficiency changed,N/a (product with insufficient stage-level data),,,,,,,,,,,
47502-1-2014,2014,No,Crown caps,"0,18 mm metal crown caps",Fabrica de Tapas Bavaria,Colombia,"Food, Beverage & Tobacco",Beverages,Food & Beverage,0.00235,Estimated from external data based on product description,0.00043,0.18,GHGP,0.0232,"Lithography process to produce crown caps arts with more complex design, passing from 4 steps average in F14 to 5 lithography steps average in F15, for this reason we need more natural gas to produce one crown cap.",Product carbon efficiency changed,N/a (product with insufficient stage-level data),,,,,,,,,,,
48775-1-2013,2013,No,Stevia Sweeteners,Field not included in 2013 data,PURECIRCLE USA,Malaysia,"Food, Beverage & Tobacco",Food Products,Food & Beverage,1.0,As per company's submission to CDP,65.71,65.71,Not reported,(not reported by company),N/a,N/a (no %change reported),N/a (product with insufficient stage-level data),,,,,,,,,,,
48775-2-2013,2013,No,Stevia Sweetener,Field not included in 2013 data,PURECIRCLE USA,Malaysia,"Food, Beverage & Tobacco",Food Products,Food & Beverage,1.0,As per company's submission to CDP,47.51,47.51,Not reported,(not reported by company),N/a,N/a (no %change reported),N/a (product with insufficient stage-level data),,,,,,,,,,,
48775-3-2013,2013,No,Natural Flavors,Field not included in 2013 data,PURECIRCLE USA,Malaysia,"Food, Beverage & Tobacco",Food Products,Food & Beverage,1.0,As per company's submission to CDP,45.81,45.81,Not reported,(not reported by company),N/a,N/a (no %change reported),N/a (product with insufficient stage-level data),,,,,,,,,,,
48775-4-2013,2013,No,Stevia Sweeteners,Field not included in 2013 data,PURECIRCLE USA,Malaysia,"Food, Beverage & Tobacco",Food Products,Food & Beverage,1.0,As per company's submission to CDP,74.64,74.64,Not reported,(not reported by company),N/a,N/a (no %change reported),N/a (product with insufficient stage-level data),,,,,,,,,,,
50932-1-2015,2015,Yes,Tobacco,Tobacco [incl. cradle to gate (green tobacco) and subsequent processing],MI (Michaelleides),Greece,Tobacco,Not used for 2015 reporting,Food & Beverage,1.0,As per company's submission to CDP,0.7,0.7,GHGP,-0.247,Energy efficiency initiative,Product carbon efficiency changed,No,0.5714,0.4286,0.0,,,Combined product name and description across SM3.2a and SM3.2b; explanation for change as per CDP SM3.2c,0.39998,0.30001999999999995,0.0,,
